Temporada,Nombre,Puntos,Asistencia,Valoracion,Triples,Mates
2025/2026,MELILLA CIUDAD DEL DEPORTE,76.6,15.4,77.1,31.3%,2.4
2025/2026,GRUPO ALEGA CANTABRIA,77,13.4,73.7,36.4%,2
2025/2026,GRUPO URETA TIZONA BURGOS,86.5,14,84.8,29.1%,0.9
2025/2026,HLA ALICANTE,88.9,18.1,101,40.6%,1.1
2025/2026,LEYMA CORUÑA,93.8,16.4,103,35.7%,2
2025/2026,ALIMERKA OVIEDO BALONCESTO,81.9,15,83.5,30.8%,1.5
2025/2026,CAJA RURAL CB ZAMORA,89,13.3,91.9,42.3%,2.8
2025/2026,INVEREADY GIPUZKOA,77.3,13.4,74.7,27.8%,3
2025/2026,FIBWI MALLORCA BASQUET PALMA,75.8,15.7,73.3,31.2%,1.8
2025/2026,PALMER BASKET MALLORCA PALMA,71.7,13.4,68.9,30.6%,1.7
2025/2026,GRUPO CAESA SEGUROS FC CARTAGENA CB,69.8,11.5,61.9,28.2%,1.4
2025/2026,HESTIA MENORCA,81.1,15.3,77.1,33.2%,1.7
2025/2026,SÚPER AGROPAL PALENCIA,86,15.8,91.1,33.3%,1.4
2025/2026,MONBUS OBRADOIRO,84.9,16.8,90.8,33.2%,2.4
2025/2026,MOVISTAR ESTUDIANTES,90.4,14.3,98.3,38.1%,2.5
2025/2026,CLUB OURENSE BALONCESTO,82.2,13.7,82.8,35.6%,2.2
2025/2026,FLEXICAR FUENLABRADA,83.7,17.4,89.3,39%,1.9
