,Titulo,Año
0,El padrino,1972
1,Planeta Tierra II,2016
2,El padrino. Parte II,1974
3,The Wire (Bajo escucha),2002
4,Breaking Bad,2008
5,Cosmos,1980
6,Planeta azul II,2017
7,Doce hombres sin piedad,1957
8,Cosmos: A Space-Time Odyssey,2014
9,La lista de Schindler,1993
10,Testigo de cargo,1957
11,Cadena perpetua,1994
12,Apocalipsis: La Segunda Guerra Mundial,2009
13,Luces de la ciudad,1931
14,Los Simpson,1989
15,El gran dictador,1940
16,Pulp Fiction,1994
17,Tiempos modernos,1936
18,Planeta Tierra,2006
19,El golpe,1973
20,Juego de Tronos,2011
21,Los Soprano,1999
22,Hermanos de sangre,2001
23,"Siete mundos, un planeta",2019
24,Ser o no ser,1942
25,The Beatles Anthology,1995
26,Harakiri,1962
27,Ingeniería Romana,2015
28,El crepúsculo de los dioses,1950
29,La vida es bella,1997
