,Nombre,Puntos,Asistencia,Valoracion
0,MELILLA CIUDAD DEL DEPORTE,445,86,445
1,GRUPO ALEGA CANTABRIA,455,80,434
2,GRUPO URETA TIZONA BURGOS,533,87,535
3,HLA ALICANTE,423,79,459
4,LEYMA CORUÑA,557,96,616
5,ALIMERKA OVIEDO BALONCESTO,483,93,493
6,CAJA RURAL CB ZAMORA,549,88,583
7,INVEREADY GIPUZKOA,394,69,402
8,FIBWI MALLORCA BASQUET PALMA,384,89,375
9,PALMER BASKET MALLORCA PALMA,346,62,329
10,GRUPO CAESA SEGUROS FC CARTAGENA CB,425,64,388
11,HESTIA MENORCA,488,91,465
12,SÚPER AGROPAL PALENCIA,498,97,529
13,MONBUS OBRADOIRO,492,98,502
14,MOVISTAR ESTUDIANTES,537,87,584
15,CLUB OURENSE BALONCESTO,402,68,384
16,FLEXICAR FUENLABRADA,439,94,498
